{"cameraMode":{"drawMode":0,"name":"Shaded","section":"Shading Mode"},"sceneLighting":false,"audioPlay":false,"sceneViewState":{"showFog":true,"showMaterialUpdate":true,"showSkybox":false,"showFlares":true,"showImageEffects":true,"showParticleSystems":true},"in2DMode":false,"pivot":{"x":-0.00022714026272296906,"y":-0.03218992054462433,"z":-0.0065590813755989079},"rotation":{"x":0.056861598044633868,"y":0.061361558735370639,"z":-0.003501356113702059,"w":0.9964905381202698},"size":0.33618295192718508,"orthographic":true}