{"cameraMode":{"drawMode":0,"name":"Shaded","section":"Shading Mode"},"sceneLighting":true,"audioPlay":false,"sceneViewState":{"showFog":true,"showMaterialUpdate":true,"showSkybox":true,"showFlares":true,"showImageEffects":true,"showParticleSystems":true},"in2DMode":false,"pivot":{"x":0.0002734942827373743,"y":-0.15325617790222169,"z":-0.2878072261810303},"rotation":{"x":0.3297131359577179,"y":-0.0014160798164084554,"z":0.0004944789689034224,"w":0.9440812468528748},"size":0.8147792220115662,"orthographic":false}