{"cameraMode":{"drawMode":0,"name":"Shaded","section":"Shading Mode"},"sceneLighting":true,"audioPlay":false,"sceneViewState":{"showFog":true,"showMaterialUpdate":true,"showSkybox":true,"showFlares":true,"showImageEffects":true,"showParticleSystems":true},"in2DMode":false,"pivot":{"x":0.2923464775085449,"y":-0.4039575457572937,"z":-0.5196710824966431},"rotation":{"x":0.4327545762062073,"y":0.05673179402947426,"z":-0.02729973942041397,"w":0.8993116617202759},"size":0.8147792220115662,"orthographic":false}