{"cameraMode":{"drawMode":0,"name":"Shaded","section":"Shading Mode"},"sceneLighting":false,"audioPlay":false,"sceneViewState":{"showFog":true,"showMaterialUpdate":true,"showSkybox":false,"showFlares":true,"showImageEffects":true,"showParticleSystems":true},"in2DMode":false,"pivot":{"x":0.4637500047683716,"y":0.13099999725818635,"z":0.0},"rotation":{"x":0.26411303877830508,"y":-0.19367127120494843,"z":0.05422571301460266,"w":0.9432911276817322},"size":0.21500013768672944,"orthographic":true}