{"cameraMode":{"drawMode":0,"name":"Shaded","section":"Shading Mode"},"sceneLighting":true,"audioPlay":false,"sceneViewState":{"showFog":true,"showMaterialUpdate":true,"showSkybox":true,"showFlares":true,"showImageEffects":true,"showParticleSystems":true},"in2DMode":false,"pivot":{"x":-0.040007710456848147,"y":0.1618671417236328,"z":-0.05620217323303223},"rotation":{"x":0.1945408582687378,"y":-0.3824178874492645,"z":0.0827101469039917,"w":0.8994842171669006},"size":0.2177634835243225,"orthographic":false}