{"cameraMode":{"drawMode":0,"name":"Shaded","section":"Shading Mode"},"sceneLighting":true,"audioPlay":false,"sceneViewState":{"showFog":true,"showMaterialUpdate":true,"showSkybox":true,"showFlares":true,"showImageEffects":true,"showParticleSystems":true},"in2DMode":false,"pivot":{"x":0.05321473628282547,"y":0.13754156231880189,"z":0.18237900733947755},"rotation":{"x":0.19939003884792329,"y":0.04995152726769447,"z":-0.010178092867136002,"w":0.9785947799682617},"size":0.4120372533798218,"orthographic":false}