{"cameraMode":{"drawMode":0,"name":"Shaded","section":"Shading Mode"},"sceneLighting":false,"audioPlay":false,"sceneViewState":{"showFog":true,"showMaterialUpdate":true,"showSkybox":false,"showFlares":true,"showImageEffects":true,"showParticleSystems":true},"in2DMode":false,"pivot":{"x":0.3619319498538971,"y":0.17357832193374635,"z":-0.0558624267578125},"rotation":{"x":0.005838602315634489,"y":0.9941573739051819,"z":-0.07770197093486786,"w":0.07470192015171051},"size":1.1660254001617432,"orthographic":false}