{"cameraMode":{"drawMode":0,"name":"Shaded","section":"Shading Mode"},"sceneLighting":true,"audioPlay":false,"sceneViewState":{"showFog":true,"showMaterialUpdate":true,"showSkybox":true,"showFlares":true,"showImageEffects":true,"showParticleSystems":true},"in2DMode":false,"pivot":{"x":7.869675755500794e-8,"y":-0.000007595536771987099,"z":-0.0000022462809283751996},"rotation":{"x":0.18808792531490327,"y":0.16558977961540223,"z":-0.03218977525830269,"w":0.9675573706626892},"size":1.2000174522399903,"orthographic":false}