{"cameraMode":{"drawMode":0,"name":"Shaded","section":"Shading Mode"},"sceneLighting":false,"audioPlay":false,"sceneViewState":{"showFog":true,"showMaterialUpdate":true,"showSkybox":false,"showFlares":true,"showImageEffects":true,"showParticleSystems":true},"in2DMode":false,"pivot":{"x":0.4637500047683716,"y":0.13099999725818635,"z":0.0},"rotation":{"x":0.22789697349071504,"y":0.09330666065216065,"z":-0.02194553054869175,"w":0.9689556360244751},"size":0.5649681687355042,"orthographic":true}